combo1,Smiles,h,enamine_id,enamine_searched
-0.5533674541312648,O=C1c2c(c(c(c(c2C(C(C1(C(C(=O)N1C(C([C@@]2(C(C([C@]12c1c(c(c(nc1[H])[H])[H])[H])([H])[H])([H])[H])[H])([H])[H])([H])[H])([H])[H])[H])([H])[H])([H])[H])[H])[H])[H])[H],6,Z4022728227,False
-0.7856098988072453,C(C(C(N(C(=O)C(N(C(=O)OC(c1c(c(c(c(c1[H])[H])[H])[H])[H])([H])[H])[H])([H])[H])[H])(c1c(c(c(nc1[H])[H])[H])[H])[H])([H])[H])([H])([H])[H],6,Z4352756577,False
-0.18363659199656446,O=C1c2c(c(c(c(c2C(C(C1(C(C(C(=O)N1C(C([C@@]2(C(C([C@]12c1c(c(c(nc1[H])[H])[H])[H])([H])[H])([H])[H])[H])([H])[H])([H])[H])([H])[H])([H])[H])[H])([H])[H])([H])[H])[H])[H])[H])[H],6,Z4111076085,False
-0.9661092848366576,O=C(C(C(N1C(c2c(c(c(c(c2C1=O)[H])[H])[H])[H])([H])[H])([H])[H])([H])[H])N(C(c1c(c(c(nc1[H])[H])[H])[H])(C1(C(C(C(O1)([H])[H])([H])[H])([H])[H])[H])[H])[H],6,Z5013359253,False
-0.22352393861081787,C(c1c(c2c(c(c(c(c2[H])[H])[H])[H])[H])nc(N(c2c(c(c(nc2[H])[H])[H])[H])[H])s1)([H])([H])[H],6,Z1003598186,False
-1.1430898649566124,O=C(C(N1C(C(c2c(c(c(c(c2C1=O)[H])[H])[H])[H])([H])[H])([H])[H])([H])[H])N(C(c1c(c(c(nc1[H])[H])[H])[H])(C1(C(C(C(O1)([H])[H])([H])[H])([H])[H])[H])[H])[H],6,Z5013357465,False
0.0,O=C(N(C(C(N1C(C(c2c(c(c(c(c2C1=O)[H])[H])[H])[H])([H])[H])([H])[H])([H])[H])([H])[H])[H])N(C(c1c(c(c(nc1[H])[H])[H])[H])(C1(C(C(C(O1)([H])[H])([H])[H])([H])[H])[H])[H])[H],6,Z5018458026,False
-0.6532729426626893,C(C(OC(=O)C(Sc1c(nc(c(N(C(c2c(c(c(nc2[H])[H])[H])[H])(C2(C(C(C(O2)([H])[H])([H])[H])([H])[H])[H])[H])[H])n1)[H])[H])([H])[H])([H])[H])([H])([H])[H],6,Z5023270755,False
-0.6454649307808787,C(OC(OC([H])([H])[H])(C(N(C(=O)c1c(c2c(-c3c(c(c(c(c3C(C2([H])[H])([H])[H])[H])[H])[H])[H])s1)[H])[H])(c1c(c(c(nc1[H])[H])[H])[H])[H])[H])([H])([H])[H],6,Z1695836999,False
-0.4962650347101223,C(c1nn(c2nc(N(C(C(C([N+](C([H])([H])[H])(C([H])([H])[H])[H])([H])[H])([H])[H])(c3c(c(c(nc3[H])[H])[H])[H])[H])[H])nc(c2[H])[H])c(C([H])([H])[H])c1[H])([H])([H])[H],6,Z3019643343,False
-0.9724089729560964,C(OC(OC([H])([H])[H])(C(N(C(=O)C(C(C(N1C(c2c(c(c(c(c2C1=O)[H])[H])[H])[H])([H])[H])([H])[H])([H])[H])([H])[H])[H])(c1c(c(c(nc1[H])[H])[H])[H])[H])[H])([H])([H])[H],6,Z3352636698,False
-0.646736933857294,C(n1c(c(C(C([H])([H])[H])(C([H])([H])[H])C(=O)N(c2c(c(c(nc2[H])[H])[H])[H])[H])c2c(c(c(c(c12)[H])[H])[H])[H])[H])([H])([H])[H],6,PV-006963768698,False
-0.9623225132809483,C(c1nn(C(C(C(N(C(=O)N(C(c2c(c(c(nc2[H])[H])[H])[H])(C2(C(C(C(O2)([H])[H])([H])[H])([H])[H])[H])[H])[H])[H])([H])[H])([H])[H])([H])[H])c(C([H])([H])[H])c1[H])([H])([H])[H],6,Z5018177831,False
-0.8939671777341361,C(OC(=O)C(N(C(=O)C(C(N1C(c2c(c(c(c(c2C1=O)[H])[H])[H])[H])([H])[H])([H])[H])([H])[H])[H])(c1c(c(c(nc1[H])[H])[H])[H])[H])([H])([H])[H],6,Z3086149349,False
-0.23080522769999054,[H]c1nc([H])c([C@]([H])(N([H])[H])C([H])([H])N2C([H])([H])C([H])([H])[C@]3([H])C([H])([H])N(C([H])([H])[H])C([H])([H])[C@]23[H])c([H])c1[H],6,,False
-0.7431755123694577,O=C(N(c1c(c(c(nc1[H])[H])[H])[H])[H])C1=C(N2C(C([N+](=C2C(=C1[H])[H])[H])([H])[H])([H])[H])[H],6,PV-002987232773,False
-0.4151194502369974,[H]N=[N+]=NC(=O)[C@@]([H])(c1c([H])nc([H])c([H])c1[H])N([H])[H],6,,False
-0.5162836492260333,C(c1nc2nc(nn2c(c1C(=O)N(c1c(c(c(nc1[H])[H])[H])[H])[H])[H])[H])([H])([H])[H],6,PV-003262069328,False
-0.6508104753062609,c1(c(nc(c(C([N+]2(C(C(c3c(C2([H])[H])c2c(c(c(c(c2o3)[H])[H])[H])[H])([H])[H])([H])[H])[H])([H])[H])c1[H])[H])[H])[H],6,PV-002860912521,False
-0.5281276453490784,C(C1=C(C([N+](C(C([H])([H])[H])(c2c(c(c(nc2[H])[H])[H])[H])[H])(C(C1([H])[H])([H])[H])[H])([H])[H])[H])([H])([H])[H],6,Z1519136114,False
-0.2139259812911926,C(c1nn(c2c(c(c(c(N(C(c3c(c(c(nc3[H])[H])[H])[H])(C3(C(C(C3([H])[H])([H])[H])([H])[H])[H])[H])[H])c2[H])[H])[H])[H])c(c1[H])[H])([H])([H])[H],6,Z1959989302,False
-0.40655366569242446,C(c1c(c(nn1c1c(c(c(c(N(C(c2c(c(c(nc2[H])[H])[H])[H])(C2(C(C(C2([H])[H])([H])[H])([H])[H])[H])[H])[H])c1[H])[H])[H])[H])[H])[H])([H])([H])[H],6,Z1959988309,False
0.0,[H]c1nc([H])c(-c2nn(C(=O)c3c([H])c([H])c(Cl)c([H])c3[H])c([H])c([H])c2=O)c([H])c1[H],6,,False
-0.4880438332962959,C(c1nn(c2c(nc(c(N(C(C(c3c(c(c(nc3[H])[H])[H])[H])([N+]3(C(C(OC(C3([H])[H])([H])[H])([H])[H])([H])[H])[H])[H])([H])[H])[H])n2)[H])[H])c(C([H])([H])[H])c1[H])([H])([H])[H],6,Z1378390370,False
0.0,C(c1nn(c2c(c(c(c(N(C(c3c(c(c(nc3[H])[H])[H])[H])(C3(C(C(OC(C3([H])[H])([H])[H])([H])[H])([H])[H])[H])[H])[H])c2[H])[H])[H])[H])c(c1[H])[H])([H])([H])[H],6,Z1644879818,False
-6.118052752925943e-06,c1(c(c(c(c2nc(Oc3c(c(c(nc3[H])[H])[H])[H])nc(n2)[H])c(c1[H])[H])[H])[H])[H],6,PV-002131639070,False
-0.9809397317016769,N(c1c(c2c(c(c1C(=O)N(c1c(c(c(nc1[H])[H])[H])[H])[H])[H])nc(n2[H])[H])[H])([H])[H],6,PV-004351369424,False
-0.6732964229446371,C(c1c(C(=O)C(=O)N(C(c2c(c(c(nc2[H])[H])[H])[H])(C2(C(C2([H])[H])([H])[H])[H])[H])[H])c2c(c(c(c(c2n1[H])[H])[H])[H])[H])([H])([H])[H],6,Z1531588209,False
-0.4077926027616698,C(c1c(c2c(c(c(c(c2[H])[H])[H])[H])[H])sc(N(c2c(c(c(nc2[H])[H])[H])[H])[H])n1)([H])([H])[H],6,Z1003598354,False
-5.199396008050671e-06,C(c1nn(C(c2c(c(c(c(N(C(c3c(c(c(nc3[H])[H])[H])[H])(C3(C(C(C3([H])[H])([H])[H])([H])[H])[H])[H])[H])c2[H])[H])[H])[H])([H])[H])c(C([H])([H])[H])n1)([H])([H])[H],6,Z1959985170,False
0.0,C(C(Oc1c(c(c(c(c1C(=O)N(C(C(=O)N(C(c1c(c(c(nc1[H])[H])[H])[H])(C(OC([H])([H])[H])(OC([H])([H])[H])[H])[H])[H])([H])[H])[H])[H])[H])[H])[H])([H])[H])([H])([H])[H],6,Z1720434833,False
-0.7650187378204167,O=C(N(c1c(c(c(nc1[H])[H])[H])[H])[H])c1c(nc2n(c(c(c2c1[H])[H])[H])[H])[H],6,PV-002519244194,False
-0.6961712592393847,O=C(N(C(c1c(c(c(nc1[H])[H])[H])[H])(C1(C(C(C(O1)([H])[H])([H])[H])([H])[H])[H])[H])[H])N1C(C(c2c(c(c(Cl)nc12)[H])[H])([H])[H])([H])[H],6,Z5024470202,False
-0.8197374183847498,C(C(N(c1nnc(c2c(c(Cl)c(c(c12)[H])[H])[H])[H])[H])(c1c(c(c(nc1[H])[H])[H])[H])[H])([H])([H])[H],6,PV-002774952415,False
0.0,[H]C1=C(c2nc3c([H])c(C(=O)N([H])[H])c([H])c([H])c3n2[H])C([H])([H])C([H])([H])N(c2c([H])nc([H])c([H])c2[H])C1=O,6,,False
-0.19843605501902264,C([C@@](N(c1nnc(c2c(c(Cl)c(c(c12)[H])[H])[H])[H])[H])(c1c(c(c(nc1[H])[H])[H])[H])[H])([H])([H])[H],6,PV-003214770090,False
-0.6439445628997871,C([C@](N(c1nnc(c2c(c(Cl)c(c(c12)[H])[H])[H])[H])[H])(c1c(c(c(nc1[H])[H])[H])[H])[H])([H])([H])[H],6,PV-003214770089,False
-0.577543513121199,C(C(C([H])([H])[H])(C(=O)N(c1c(c(c2c(c(c(c(c2[H])[H])[H])[H])[H])nn1[H])[H])[H])c1c(c(c(nc1[H])[H])[H])[H])([H])([H])[H],6,Z1636956016,False
-0.6174828016073964,C(C(C(C(C(=O)N(c1c(c(c(c(c1[H])[H])[H])[H])[H])[H])([H])[H])([N+](C(C([N+]1(C(C(C(C1([H])[H])([H])[H])([H])[H])([H])[H])[H])([H])[H])(c1c(c(c(nc1[H])[H])[H])[H])[H])([H])[H])[H])([H])[H])([H])([H])[H],6,Z5090674562,False
-0.7838346575666788,C(c1nn(c2c(c(c(c(C([N+](C(c3c(c(c(nc3[H])[H])[H])[H])(C3(C(C(OC(C3([H])[H])([H])[H])([H])[H])([H])[H])[H])[H])([H])[H])([H])[H])c2[H])[H])[H])[H])c(C([H])([H])[H])c1[H])([H])([H])[H],6,Z3509422576,False
-0.7489122707158986,C(OC(OC([H])([H])[H])(C(N(C(=O)C(C(n1c(nc2c(C([H])([H])[H])c(c(c(c2c1=O)[H])[H])[H])[H])([H])[H])([H])[H])[H])(c1c(c(c(nc1[H])[H])[H])[H])[H])[H])([H])([H])[H],6,Z1695837158,False
-0.40026214985939185,[H]OC([H])([H])C([H])([H])N([H])C(=O)n1nc(-c2c([H])nc([H])c([H])c2[H])c(=O)c([H])c1[H],6,,False
-0.39723311908499365,C(N(C(=O)N(c1nn(c2c(c(c(nc2[H])[H])[H])[H])nc1[H])[H])c1c(c(c(c(c1[H])[H])[H])[H])[H])([H])([H])[H],6,PV-003009424582,False
0.0,[H]c1nc([H])c(C([H])([H])c2nnnn2-c2c([H])c([H])c([H])c3c2c([H])c([H])n3[H])c([H])c1[H],6,,False
-0.21216932664702073,[H]N=c1sc([H])c(-c2c([H])nc([H])c([H])c2[H])n1-c1c([H])c([H])c([H])c2c1c([H])c([H])n2[H],6,,False
-0.4253455264325111,O=C(N(c1c(c(c2nc(S[H])oc2c1[H])[H])[H])[H])c1c(c(c(nc1[H])[H])[H])[H],6,Z1430587027,False
-0.5651281404946493,C(C(C(C(C(C(O[H])([H])[H])([H])[H])([H])[H])([H])[H])(N(C(=O)C([C@@]([N+]([H])([H])[H])(c1c(c(c(nc1[H])[H])[H])[H])[H])([H])[H])[H])[H])([H])([H])[H],6,Z4062931330,False
-0.22243116645182,[H]c1nc([H])c(N([H])c2c([H])nn([H])c2SC([H])([H])c2c([H])c([H])c([H])c([H])c2[H])c([H])c1[H],6,,False
-0.6526560082516759,[H]C1=C([H])C(=O)N(n2nnnc2C([H])([H])c2c([H])nc([H])c([H])c2[H])C1=O,6,,False
-0.2114425148706251,c1(c(nc(c(c2c(c(N(c3c(nc(c(n3)[H])[H])[H])[H])c(c(c2[H])[H])[H])[H])c1[H])[H])[H])[H],6,PV-002319352473,False
-0.2924205806468327,[H]N=[N+]=N[C@]1([H])C([H])=C(c2c([H])nc([H])c([H])c2[H])C([H])([H])C1([H])[H],6,,False
-0.4313626871115386,[H]C1=C([H])C(=O)N(Oc2nnnn2-c2c([H])nc([H])c([H])c2[H])C1=O,6,,False
-1.0704536075285866,C(Oc1c(c(c(c2noc(N(C(c3c(c(c(nc3[H])[H])[H])[H])(C3(C(C(C(O3)([H])[H])([H])[H])([H])[H])[H])[H])[H])n2)c(c1[H])[H])[H])[H])([H])([H])[H],6,Z5023271236,False
-0.4771909684357232,C(C(C([N+](C1(C(C(c2c(C1([H])[H])nc(n2[H])[H])([H])[H])([H])[H])[H])([H])[H])(c1c(c(c(nc1[H])[H])[H])[H])[H])([H])[H])([H])([H])[H],6,Z4314163059,False
-1.2791215202485642,[H]N=[N+]=NC([H])([H])[C@@](O[H])(c1c([H])nc([H])c([H])c1[H])C([H])([H])[H],6,,False
-0.4261181867160413,[H]c1nc([H])c([C@]2([H])C([H])([H])N([H])C(=O)[C@@]2([H])c2c([H])nc([H])c3c([H])c([H])c([H])c([H])c23)c([H])c1[H],6,,False
-0.19843822460783417,[H]c1nc([H])c(S(=O)(=O)C(N([H])c2c([H])c([H])c([H])c([H])c2C(=O)N([H])[H])(C([H])([H])[H])C([H])([H])[H])c([H])c1[H],6,,False
-0.18579836338681952,C(N(c1c(c(c(C([N+](C(C(C([N+](C([H])([H])[H])(C([H])([H])[H])[H])([H])[H])([H])[H])(c2c(c(c(nc2[H])[H])[H])[H])[H])([H])[H])([H])[H])c(c1[H])[H])[H])[H])[H])([H])([H])[H],6,Z4215947233,False
-0.2491885363939522,[H]c1nc([H])c(C(=O)N([H])N(n2nc([H])c([H])c2[H])C([H])([H])[H])c([H])c1[H],6,,False
-0.2021421098996339,[H]OC([H])([H])C([H])([H])C([H])([H])C(Br)=C([H])c1c([H])nc([H])c([H])c1[H],6,,False
-0.6279654553884805,C(c1c(C(C(C(=O)N(C(c2c(c(c(nc2[H])[H])[H])[H])(C2(C(C(C(O2)([H])[H])([H])[H])([H])[H])[H])[H])[H])([H])[H])([H])[H])c2c(c(c(c(c2n1[H])[H])[H])[H])[H])([H])([H])[H],6,Z5013361142,False
-0.5291230274642549,C(c1nnc(N(C(c2c(c(c(nc2[H])[H])[H])[H])(C2(C(C(C(O2)([H])[H])([H])[H])([H])[H])[H])[H])[H])c(c1c1c(c(c(c(c1[H])[H])[H])[H])[H])[H])([H])([H])[H],6,Z5023272081,False
-0.23728122356812242,C(c1c(c(c(C([H])([H])[H])c(c2nnc(c3c(c(c(nc3[H])[H])[H])[H])o2)n1)[H])[H])([H])([H])[H],6,PV-002777533747,False
-0.7340146777790493,O=C(N(C(c1c(c(c(nc1[H])[H])[H])[H])(C1(C(C(OC1([H])[H])([H])[H])([H])[H])[H])[H])[H])c1c(sc(c2nc(c(c(c2F)[H])[H])[H])n1)[H],6,Z5260314774,False
-0.4283104917699386,C(c1nc(c(n1c1c(c(c(c(N(C(c2c(c(c(nc2[H])[H])[H])[H])(C2(C(C(C(C(C2([H])[H])([H])[H])([H])[H])([H])[H])([H])[H])[H])[H])[H])n1)[H])[H])[H])[H])[H])([H])([H])[H],6,Z1462015774,False
-0.5178422143107003,C(C([N+](C(c1c(n(nc1c1c(c(c(nc1[H])[H])[H])[H])[H])[H])([H])[H])([H])[H])(c1c(c(c(c(Br)n1)[H])[H])[H])[H])([H])([H])[H],6,PV-006238317396,False
-0.6079533365290107,C(C(C(=O)N(N(C(=O)C(C1(C(C(C(C(C1([H])[H])([H])[H])([H])[H])([H])[H])([H])[H])[H])([H])[H])[H])[H])(c1c(c(c(nc1[H])[H])[H])[H])[H])([H])([H])[H],6,Z1314253384,False
-1.2161890749433675,C(c1c(c(c(C(=C(C(C(=O)N(C(c2c(c(c(nc2[H])[H])[H])[H])(C2(C(C(C(O2)([H])[H])([H])[H])([H])[H])[H])[H])[H])([H])[H])[H])[H])c(c1[H])[H])[H])[H])([H])([H])[H],6,Z5013356545,False
-0.2242779897653375,[H]c1nc([H])c(N=NC(=O)N([H])C(C([H])([H])[H])(C([H])([H])[H])C([H])([H])[H])c([H])c1[H],6,,False
-0.42646720532929566,[H]ON([H])C(=O)C([H])=C([H])[S@](=O)C([H])([H])c1c([H])nc([H])c([H])c1[H],6,,False
-0.20119460687493188,[H]c1nc([H])c([C@]2([H])C([H])([H])N([H])C(=O)[C@@]2([H])c2c([H])c([H])c(OC([H])([H])C([H])([H])[H])c([H])c2[H])c([H])c1[H],6,,False
-0.6274478160018546,[H]c1nc([H])c(C2(N([H])C(=O)c3oc([H])c([H])c3[H])OC([H])([H])C([H])([H])O2)c([H])c1[H],6,,False
-0.4317971170248446,[H]c1nc([H])c(-c2nn(C(=O)c3c([H])c([H])c([H])c([H])c3[H])c([H])c([H])c2=O)c([H])c1[H],6,,False
-0.5486990401584966,c1(c(nc(c(c2nc(c(n3c(c(c(c23)[H])[H])[H])[H])[H])c1[H])[H])[H])[H],6,PV-002981352770,False
-0.20703058834106186,[H]c1nc(N([H])n2c(=O)c([H])c(-c3c([H])nc([H])c([H])c3[H])n([H])c2=O)c([H])c([H])c1[H],6,,False
-0.7213238177184305,Fc1c(c(c(C(n2c(c(c(n2)[H])[H])[H])([H])[H])c(c1c1c(c(c(nc1[H])[H])[H])[H])[H])[H])[H],6,PV-002936679119,False
-0.35515460753045486,O=C(C(c1c(c(c(nc1[H])[H])[H])[H])([H])[H])N(C(C(N(c1c(c(c(nn1)[H])[H])[H])[H])([H])[H])([H])[H])[H],6,Z1177965817,False
-0.4363592828395241,[H]c1nc(N2C(=O)N([H])C([H])([H])[C@]2([H])c2c([H])nc([H])c([H])c2[H])c(C([H])([H])[H])c([H])c1[H],6,,False
-0.18361418122843437,O=C1OC(C(N1C(C(c1noc(C2(c3c(c(c(nc3[H])[H])[H])[H])C(C2([H])[H])([H])[H])n1)([H])[H])([H])[H])([H])[H])([H])[H],6,Z4255186399,False
-0.20487900061665537,C(ON=C(C(=O)N(c1nnc(n1c1c(c(c(nc1[H])[H])[H])[H])[H])[H])[H])([H])([H])[H],6,Z2177463820,False
-0.3671255432145575,O=C(C(ON=C(c1c(c(c(nc1[H])[H])[H])[H])[H])([H])[H])N(c1c(c(c(C(F)(F)F)c(c1[H])[H])[H])[H])[H],6,PV-006458614025,False
-0.2264580923809131,C(c1c(O[H])c(C([N+](C(C([H])([H])[H])(c2c(c(c(nc2[H])[H])[H])[H])[H])([H])[H])([H])[H])c(c(c1[H])[H])[H])([H])([H])[H],6,Z1594327829,False
-0.2821397782988441,[H]C([H])=C(c1c([H])nc([H])c([H])c1[H])c1c([H])c([H])c([H])c([H])c1C([H])([H])[H],6,,False
-0.753675971118254,[H]c1nc([H])c([C@]2([H])C([H])([H])N([H])C(=O)[C@@]2([H])c2nc3c([H])c(C(=O)N([H])[H])c([H])c([H])c3n2[H])c([H])c1[H],6,,False
-0.49267332367423117,O=C(C(C(c1nn(c2c(c(c(c(c12)[H])[H])[H])[H])[H])([H])[H])([H])[H])N(C(c1c(c(c(nc1[H])[H])[H])[H])(C1(C(C(C(O1)([H])[H])([H])[H])([H])[H])[H])[H])[H],6,Z5018764895,False
-0.6061614047921646,C(C([N+](C(c1c(c(c(c(c1Oc1c(c(c(nc1[H])[H])[H])[H])[H])[H])[H])[H])([H])[H])([H])[H])(c1c(c(c(c(c1F)[H])[H])[H])[H])[H])([H])([H])[H],6,Z972805666,False
-0.7478339580972879,O=C(C(C(n1c(c(c2c(c(c(nc12)[H])[H])[H])[H])[H])([H])[H])([H])[H])N(C(c1c(c(c(nc1[H])[H])[H])[H])(C1(C(C(C(O1)([H])[H])([H])[H])([H])[H])[H])[H])[H],6,Z5018765404,False
-0.4582683210928772,[H]c1nc([H])c(N([H])C(=O)C(c2c([H])n([H])c3c([H])c([H])c([H])c([H])c23)(C([H])([H])[H])C([H])([H])[H])c([H])c1[H],6,,False
-0.7586958476989957,O=C(N(c1c(c(c(nc1[H])[H])[H])[H])[H])c1c(c(c2c(c(c(nn12)[H])[H])[H])[H])[H],6,Z1614609443,False
-0.39431296195414633,C(C1(C(C(c2c(c(c(nc2[H])[H])[H])[H])([N+](C(c2c(c(c3OC(Oc3c2[H])([H])[H])[H])[H])([H])[H])(C1([H])[H])[H])[H])([H])[H])[H])([H])([H])[H],6,Z4264430942,False
0.0,[H]c1nc([H])c(-c2nc([H])c([H])c([H])c2[C@@]([H])(c2c([H])c([H])c([H])c([H])c2[H])C([H])([H])[H])c([H])c1[H],6,,False
-0.21726123753073712,[H]c1nc(N([H])n2c(-c3c([H])nc([H])c([H])c3[H])c([H])oc2=O)c([H])c([H])c1[H],6,,False
0.0,[H]c1nc([H])c(-n2c([H])nnc2C([H])([H])c2c([H])c([H])nc(OC([H])([H])[H])c2[H])c([H])c1[H],6,,False
-0.1818213735200003,Ic1c(nc(Oc2c(c(c(nc2[H])[H])[H])[H])nc1[H])[H],6,Z1172213539,False
-0.7197833400363514,c1(c(nc(c(c2c(c(N(c3c(c(nc(n3)[H])[H])[H])[H])c(c(c2[H])[H])[H])[H])c1[H])[H])[H])[H],6,PV-003728751681,False
-0.25453087012033004,[H]N=[N+]=Nc1nnc([H])n1-c1c([H])nc([H])c([H])c1[H],6,,False
-0.4136656621128671,[H]OP(=O)(O[H])C([H])([H])c1c([H])nc([H])c([H])c1-c1c([H])nc([H])c([H])c1[H],6,,False
-0.4740022602810477,[H]c1nc([H])c(-n2c([H])nnc2C([H])([H])c2nnn([H])n2)c([H])c1[H],6,,False
-0.40832621512948186,[H]c1nc([H])c(-c2nn(C(=O)N([H])C([H])([H])C([H])([H])OC([H])([H])[H])c([H])c([H])c2=O)c([H])c1[H],6,,False
-5.517406474857311e-06,[H]c1nc([H])c(-c2nnc(OC([H])([H])C([H])([H])C([H])([H])N3C([H])([H])C([H])([H])OC([H])([H])C3([H])[H])o2)c([H])c1[H],6,,False
-0.7171890873387481,C(c1nn2c(N(C(=O)N(C(c3c(c(c(nc3[H])[H])[H])[H])(C3(C(C(C(O3)([H])[H])([H])[H])([H])[H])[H])[H])[H])[H])c(c(nc2c1[H])[H])[H])([H])([H])[H],6,Z5024951712,False
-0.43092362652163324,[H]C1=C(c2c(OC([H])([H])[H])nc([H])c([H])c2[H])C(=O)N(c2c([H])nc([H])c([H])c2[H])C1([H])[H],6,,False
-0.21154325212922337,[H]c1nc([H])c(-c2nc(-c3nc([H])c([H])c([H])c3C(F)(F)F)sc2[H])c([H])c1[H],6,,False
-0.1879006647522293,[H]c1nc([H])c(N2C(=O)N(c3c([H])c([H])c([H])c4c3c([H])c([H])n4[H])C(=O)C2([H])[H])c([H])c1[H],6,,False
-0.5272010534557889,C(C(C([H])([H])[H])(C(N(C(=O)C(C(N1C(=O)C(Sc2c(c(c(c(c12)[H])[H])[H])[H])([H])[H])([H])[H])([H])[H])[H])(c1c(c(c(nc1[H])[H])[H])[H])[H])[H])([H])([H])[H],6,Z5535315479,False
-0.5349397066816878,c1(c(nc(c(N(C(c2c(c(c(nn2)[H])[H])[H])([H])[H])[H])c1[H])[H])[H])[H],6,PV-002944077265,False
-0.6805777986184253,C(C(OC(=O)C(OC(=O)C(C(C1(C(C(c2c(c(c(c(c2C1=O)[H])[H])[H])[H])([H])[H])([H])[H])[H])([H])[H])([H])[H])(c1c(c(c(nc1[H])[H])[H])[H])[H])([H])[H])([H])([H])[H],6,Z4114565787,False
-0.3464254540984053,[H]c1nc([H])c(N([H])C(=O)C(F)(F)C(=O)c2c([H])c([H])c(Cl)c([H])c2[H])c([H])c1[H],6,,False
-0.16052814877333443,C(c1c(c(c2c(C(C(N(C(=S)N(c3c(c(c(nc3[H])[H])[H])[H])[H])[H])([H])[H])([H])[H])c(n(c2c1[H])[H])[H])[H])[H])([H])([H])[H],6,PV-006737828545,False
-0.5383907031433965,[H]C([H])=C(c1nc([H])nc([H])c1[H])c1c([H])nc([H])c([H])c1[H],6,,False
0.0,[H]c1nc([H])c(-n2c([H])nnc2S(=O)(=O)N2C([H])([H])C([H])([H])OC([H])([H])C2([H])[H])c([H])c1[H],6,,False
-0.9983248538246864,O=C(N(c1c(c(c(nc1[H])[H])[H])[H])[H])c1c(c2c(c(n1)[H])n(c(n2)[H])[H])[H],6,PV-003474922324,False
-0.6761320620910126,C(C(C([H])([H])[H])(C(=O)N(c1c(c(c(nc1[H])[H])[H])[H])[H])c1c(n(c2c(c(c(c(c12)[H])[H])[H])[H])[H])[H])([H])([H])[H],6,PV-002918198069,False
-0.44719199861989345,C(C(n1nc(nc1C([N+]1(C(C(C(C(c2c(c(c(nc2[H])[H])[H])[H])(C1([H])[H])[H])([H])[H])([H])[H])([H])[H])[H])([H])[H])[H])([H])[H])([H])([H])[H],6,Z2836526431,False
-0.6734448596005239,[H]c1nc([H])c([C@]2([H])C([H])([H])N([H])C(=O)[C@@]2([H])c2c([H])c([H])c([H])c(N([H])C(=O)C([H])([H])[H])c2[H])c([H])c1[H],6,,False
-5.954789616010998e-06,[H]c1nc([H])c(-c2nc3n(c2[C@@]([H])(c2c([H])c([H])c([H])c([H])c2[H])C([H])([H])[H])C([H])([H])C([H])([H])S3)c([H])c1[H],6,,False
-6.1875020892249464e-06,[H]ON([H])C(=O)C([H])([H])C([H])([H])c1sc([H])nc1-c1c([H])nc([H])c([H])c1[H],6,,False
-0.38790555977201147,C(c1c(C(C(C(=O)N(C(c2c(c(c(nc2[H])[H])[H])[H])(C2(C(C2([H])[H])([H])[H])[H])[H])[H])([H])[H])([H])[H])c2c(c(c(c(c2n1[H])[H])[H])[H])[H])([H])([H])[H],6,Z4406011793,False
-0.19821417179584447,[H]c1nc([H])c(-c2nn3c([H])c([H])n(N([H])C(=S)N([H])c4c([H])c([H])c([H])c([H])c4[H])c3c2[H])c([H])c1[H],6,,False
-0.37998915608710226,[H]c1nc([H])c([C@]2([H])C([H])([H])N([H])C(=O)[C@@]2([H])c2c([H])c([H])c(C(=O)OC([H])([H])[H])c([H])c2[H])c([H])c1[H],6,,False
-0.972452769315836,C1(=C(C([N+](C(c2c(c(nn2c2c(c(c(nc2[H])[H])[H])[H])[H])[H])([H])[H])([H])[H])([H])[H])C(C(C1([H])[H])([H])[H])([H])[H])[H],6,Z4454766140,False
-0.30450675562635005,O=C(N(c1c(nc2c(Cl)c(c(c(n12)[H])[H])[H])[H])[H])N(C(c1c(c(c(nc1[H])[H])[H])[H])(C1(C(C(C(O1)([H])[H])([H])[H])([H])[H])[H])[H])[H],6,Z5024972673,False
-0.8977744742029524,[H]c1nc([H])c(N2C(=O)N([H])C([H])([H])[C@]2([H])N([H])C(=O)c2c([H])c([H])nc([H])c2[H])c([H])c1[H],6,,False
-0.4752410717493162,[H]c1nc([H])c(-c2c([H])nc([H])c([H])c2[H])c([C@]2([H])N=C(N([H])[H])OC2([H])[H])n1,6,,False
-6.696147542335647e-06,[H]c1nc([H])c(C(c2c([H])c([H])c(C#N)c([H])c2[H])(C([H])([H])[H])C([H])([H])[H])c([H])c1[H],6,,False
-6.31662974715121e-06,[H]c1nc([H])c(Oc2nnnn2C(=O)c2c([H])c([H])c([H])c([H])c2[H])c([H])c1[H],6,,False
-0.2554575111593431,[H]c1nc([H])c(N([H])N([H])c2c([H])n([H])c3c([H])c([H])c([H])c([H])c23)c([H])c1[H],6,,False
-0.2313580737890421,O=C(N(c1c(c(c(nc1[H])[H])[H])[H])[H])c1c(nc2nc(c(c(n12)[H])[H])[H])[H],6,PV-003660366128,False
-0.16560821231252298,C(OC(=O)C(N(C(=O)C(N1C(C(c2c(c(c(c(c2C1=O)[H])[H])[H])[H])([H])[H])([H])[H])([H])[H])[H])(c1c(c(c(nc1[H])[H])[H])[H])[H])([H])([H])[H],6,Z1926776872,False
-6.957988716813841e-06,C(C(=C(c1c(c(c(nc1[H])[H])[H])[H])[H])C(=O)N(C1=[N+](OC(C1([H])[H])([H])[H])[H])[H])([H])([H])[H],6,Z4466849295,False
-0.6648572341172789,Fc1c(c(c(c(F)c1c1c(c(c(N(C(c2c(c(c(nc2[H])[H])[H])[H])(C2(C(C(C(O2)([H])[H])([H])[H])([H])[H])[H])[H])[H])nn1)[H])[H])[H])[H])[H],6,Z5023271419,False
-0.23394555597778957,[H]c1nc([H])c(-c2nc(-c3nnc(C([H])([H])[H])o3)n([H])n2)c([H])c1[H],6,,False
-0.18652961311644214,[H]c1nc([H])c(S(=O)(=O)c2c([H])c([H])c([H])c3c([H])c([H])c([H])nc23)c([H])c1[H],6,,False
-0.4762374427936985,c1(c(nc(c(C(C([N+]2(C(C(C([C@@]2(c2nn(c(c2[H])[H])[H])[H])([H])[H])([H])[H])([H])[H])[H])([H])[H])([H])[H])c1[H])[H])[H])[H],6,Z5117670856,False
-0.6838745396004661,[H]c1nc([H])c(Oc2nnnn2C([H])([H])N([H])C([H])([H])C([H])([H])[H])c([H])c1[H],6,,False
-0.2677354230396599,C(=C(c1nc(c(c2c(c(c(c(c12)[H])[H])[H])[H])[H])[H])[H])(c1c(c(c(nc1[H])[H])[H])[H])[H],6,PV-002974527059,False
-0.5904095536291698,O=C(C(N(C(=O)c1c(c2c(c(nc(c2s1)[H])[H])[H])[H])[H])([H])[H])N(c1c(c(c(nc1[H])[H])[H])[H])[H],6,PV-002432452912,False
-0.7902245329732376,[H]c1nc([H])c([C@]([H])(C(=O)C([H])([H])N2C(=O)c3c([H])c([H])c([H])c([H])c3C2=O)N([H])[H])c([H])c1[H],6,,False
-0.6346580598912397,[H]c1nc([H])c(N([H])C(=O)C(F)(F)c2c([H])n([H])c3c([H])c([H])c([H])c([H])c23)c([H])c1[H],6,,False
-0.8540288040948217,[H]c1nc([H])c(C([H])([H])c2nnnn2N2C([H])([H])c3c([H])c([H])c([H])c([H])c3C([H])([H])C2([H])[H])c([H])c1[H],6,,False
-0.4585894248703688,C(OC(OC([H])([H])[H])(C(N(C(=O)C(C([H])([H])[H])([N+]1(C(C(c2c(c(c(c(c2C1([H])[H])[H])[H])[H])[H])([H])[H])([H])[H])[H])[H])[H])(c1c(c(c(nc1[H])[H])[H])[H])[H])[H])([H])([H])[H],6,Z1695836925,False
-0.38571469226816174,C(C(C1=NOC(C([N+](C(c2c(c(nn2c2c(c(c(nc2[H])[H])[H])[H])[H])[H])([H])[H])([H])[H])([H])[H])(C1([H])[H])[H])([H])[H])([H])([H])[H],6,Z4454823554,False
-0.18573522518666932,Fc1c(c(c(C(c2noc(N(C(c3c(c(c(nc3[H])[H])[H])[H])(C3(C(C(C(O3)([H])[H])([H])[H])([H])[H])[H])[H])[H])n2)([H])[H])c(c1[H])[H])[H])[H],6,Z5023270637,False
-0.43383751644621205,[H]c1nc([H])c([C@]2([H])C([H])([H])N([H])C(=O)[C@@]2([H])OC([H])([H])C([H])([H])N([H])[H])c([H])c1[H],6,,False
-0.24353082668692236,[H]c1nc([H])c([C@]2([H])C([H])([H])N([H])C(=O)[C@@]2([H])c2c([H])c([H])c(C#N)c([H])c2[H])c([H])c1[H],6,,False
-0.38551582328031403,[H]c1nc([H])c(C2(N([H])C(=O)c3c([H])c([H])nc([H])c3[H])OC([H])([H])C([H])([H])O2)c([H])c1[H],6,,False
0.0,[H]c1nc([H])c(N=NC(=NN([H])C(=S)N([H])[H])C([H])([H])[H])c([H])c1[H],6,,False
-1.0622267048341492,O=C(C(c1c(n(c2c(c(c(nc12)[H])[H])[H])[H])[H])([H])[H])N(C(c1c(c(c(nc1[H])[H])[H])[H])(C1(C(C1([H])[H])([H])[H])[H])[H])[H],6,Z3668303050,False
-0.8123570717247799,C(c1c(c(c(c2noc(N(C(c3c(c(c(nc3[H])[H])[H])[H])(C3(C(C(C(O3)([H])[H])([H])[H])([H])[H])[H])[H])[H])n2)c(c1[H])[H])[H])[H])([H])([H])[H],6,Z5023270890,False
-0.5471854241464822,C(C(c1c(c(C#N)c(c(c1N(C(=O)N(C(C(C([N+](C([H])([H])[H])(C([H])([H])[H])[H])([H])[H])([H])[H])(c1c(c(c(nc1[H])[H])[H])[H])[H])[H])[H])[H])[H])[H])([H])[H])([H])([H])[H],6,Z3603544788,False
-0.24926094453467978,[H]c1nc([H])c(N(N2C([H])([H])C([H])([H])N([H])C([H])([H])C2([H])[H])C([H])([H])[H])c([H])c1[H],6,,False
-0.47751779666555677,C(c1nc2nc(N([C@](C([H])([H])[H])(c3c(c(c(nc3[H])[H])[H])[H])[H])[H])c(c(c2n1[H])[H])[H])([H])([H])[H],6,PV-003460820526,False
-0.2359781596634739,[H]c1nc([H])c(C(C([H])([H])[H])(C([H])([H])[H])C([H])([H])c2c([H])c([H])c3c([H])c([H])n([H])c3c2[H])c([H])c1[H],6,,False
-1.111874039821895,[H]c1nc([H])c(C2(N([H])c3c([H])n([H])c4c([H])c([H])c([H])c([H])c34)C([H])([H])C([H])([H])C2([H])[H])c([H])c1[H],6,,False
-0.6218913293320775,C(=C(C(C([H])([H])[H])(C([N+](C(C(O[H])(c1c(c(c(nc1[H])[H])[H])[H])[H])([H])[H])([H])[H])([H])[H])[H])[H])([H])[H],6,Z4297018652,False
-0.816106752833164,[H]c1nc([H])c(-c2nn(C(=O)N3C([H])([H])C([H])([H])C([H])([H])C3([H])[H])c([H])c([H])c2=O)c([H])c1[H],6,,False
-0.23052873819409714,O=C(N(c1nc(c(c2nc(c(nc12)[H])[H])[H])[H])[H])c1c(c(c(nc1[H])[H])[H])[H],6,PV-003025433336,False
-0.44775294512773184,C(c1c(O[H])c(C([N+]([C@@](C([H])([H])[H])(c2c(c(c(nc2[H])[H])[H])[H])[H])([H])[H])([H])[H])c(c(c1[H])[H])[H])([H])([H])[H],6,Z1598753225,False
-0.38206124604982855,[H]c1nc([H])c(-c2nc3n(c2S(=O)(=O)N2C([H])([H])C([H])([H])OC([H])([H])C2([H])[H])C([H])([H])C([H])([H])S3)c([H])c1[H],6,,False
-1.1019797833539935,C(OC([C@@](N(C(=O)C(N1C(C(c2c(c(c(c(c2C1=O)[H])[H])[H])[H])([H])[H])([H])[H])([H])[H])[H])(c1c(c(c(nc1[H])[H])[H])[H])[H])([H])[H])([H])([H])[H],6,Z4226787191,False
-0.6148404848928224,O=C(N(c1c(n(c2c(c(c(c(c12)[H])[H])[H])[H])[H])[H])[H])N(C(c1c(c(c(nc1[H])[H])[H])[H])(C1(C(C1([H])[H])([H])[H])[H])[H])[H],6,PV-002943500997,False
-0.48509196641074814,C(c1nc2nc(N(C(C([H])([H])[H])(c3c(c(c(nc3[H])[H])[H])[H])[H])[H])c(c(c2n1[H])[H])[H])([H])([H])[H],6,PV-002870330373,False
-0.18713231550309437,C(N(C1(C(C(N(c2nc(c(c(n2)[H])[H])[H])C(C1([H])[H])([H])[H])([H])[H])([H])[H])[H])S(=O)(=O)c1c(c(c(nc1[H])[H])[H])[H])([H])([H])[H],6,Z1193488067,False
-0.4219831269068054,[H]c1nc([H])c(N2C([H])([H])C([H])([H])N([C@]3([H])N=C(N([H])[H])OC3([H])[H])C([H])([H])C([H])([H])C2([H])[H])c([H])c1[H],6,,False
-0.4845102408430064,C(c1nc2nc(N([C@@](C([H])([H])[H])(c3c(c(c(nc3[H])[H])[H])[H])[H])[H])c(c(c2n1[H])[H])[H])([H])([H])[H],6,PV-003460820527,False
-0.19815223523063835,[H]c1nc([H])c([C@]2([H])C([H])([H])N([H])C(=O)[C@@]2([H])OC([H])([H])C([H])([H])c2c([H])c([H])c([H])c([H])c2[H])c([H])c1[H],6,,False
-0.5919592139245256,C(C(C([N+](C(C([H])([H])[H])(c1c(c(c2OC(Oc2c1[H])([H])[H])[H])[H])[H])([H])[H])(c1c(c(c(nc1[H])[H])[H])[H])[H])([H])[H])([H])([H])[H],6,Z4314076475,False
-0.7257293417104611,C(c1c(c(c(C(=O)N(C(C(=O)[O-])(c2c(c(c(nc2[H])[H])[H])[H])[H])[H])c2c(c(c(nc12)[H])[H])[H])[H])[H])([H])([H])[H],6,PV-002742140571,False
-0.6155461513528813,O=C(N(C(C(=O)[O-])(c1c(c(c(nc1[H])[H])[H])[H])[H])[H])c1c(c(c(Cl)c2nc(c(c(c12)[H])[H])[H])[H])[H],6,PV-003587600442,False
-0.43933785407784903,[H]C1=C(c2c([H])nc([H])c([H])c2[H])C([H])([H])C([H])([H])N(c2c([H])c([H])c([H])c3nc([H])c([H])c([H])c23)C1=O,6,,False
-5.994429277428956e-06,[H]c1nc([H])c(-c2c([H])oc(=O)n2-c2c([H])c([H])c([H])c3c2c([H])c([H])n3[H])c([H])c1[H],6,,False
-0.531145938691109,C(OC([C@](N(C(=O)C(N1C(C(c2c(c(c(c(c2C1=O)[H])[H])[H])[H])([H])[H])([H])[H])([H])[H])[H])(c1c(c(c(nc1[H])[H])[H])[H])[H])([H])[H])([H])([H])[H],6,Z4226849943,False
-0.6827544604329215,C(c1c(O[H])c(C([N+]([C@](C([H])([H])[H])(c2c(c(c(nc2[H])[H])[H])[H])[H])([H])[H])([H])[H])c(c(c1[H])[H])[H])([H])([H])[H],6,Z1596573994,False
-0.5155475463328063,[H]c1nc([H])c(-n2nc(C([H])([H])C3([H])C([H])([H])C([H])([H])C([H])([H])C([H])([H])C3([H])[H])nc2[H])c([H])c1[H],6,,False
-0.5615759897558553,C(c1nn(c2c(c(c(c(c2[H])[H])[H])[H])[H])nc1C([N+](C(c1c(c(c(nc1[H])[H])[H])[H])(C1(C(C(OC(C1([H])[H])([H])[H])([H])[H])([H])[H])[H])[H])([H])[H])([H])[H])([H])([H])[H],6,Z3363276928,False
0.0,[H]c1nc([H])c([C@]2([H])N(N([H])C(=O)c3c([H])c([H])nc([H])c3[H])C(=O)C2([H])[H])c([H])c1[H],6,,False
0.0,[H]C1=C(c2c([H])nc([H])c([H])c2[H])C([H])([H])C([H])([H])N(c2nc([H])c(C([H])([H])[H])c([H])c2[H])C1=O,6,,False
-0.9334438337379524,[H]c1nc([H])c(N2C(=O)N([H])C([H])([H])[C@]2([H])N([H])C(=O)C([H])([H])C([H])([H])[H])c([H])c1[H],6,,False
-0.8784420553480604,C(OC(OC([H])([H])[H])(C(N(C(=O)[C@@](C([H])([H])[H])(N1C(c2c(c(c(c(c2C1=O)[H])[H])[H])[H])([H])[H])[H])[H])(c1c(c(c(nc1[H])[H])[H])[H])[H])[H])([H])([H])[H],6,Z2906820077,False
-0.21148038735526778,C(N(C(=O)C(C(C(C(C(=O)N(C(C(=C(c1c(c(c(nc1[H])[H])[H])[H])[H])[H])([H])[H])[H])([H])[H])([H])[H])([H])[H])([H])[H])[H])([H])([H])[H],6,Z2227675579,False
-0.43115052933594933,C(C(N(c1nc(c(c2c(c(N([H])[H])c(c(c12)[H])[H])[H])[H])[H])[H])(c1c(c(c(nc1[H])[H])[H])[H])[H])([H])([H])[H],6,PV-006350256043,False
-0.716305152059265,O=C(N(c1c(c(c(nc1[H])[H])[H])[H])[H])c1c(c(c2sc(nc2c1[H])[H])[H])[H],6,PV-002095741683,False
-0.5168962665201912,C(OC(=O)C(N(C(=O)C(C1(C(c2c(c(c(c(c2C1=O)[H])[H])[H])[H])([H])[H])[H])([H])[H])[H])(c1c(c(c(nc1[H])[H])[H])[H])[H])([H])([H])[H],6,Z5000220535,False
-0.8172096135149912,[H]C(=Nc1nc([H])c([H])c([H])c1C([H])([H])[H])c1c([H])nc([H])c([H])c1[H],6,,False
-0.2220705610656815,C(C(c1nc(c2nnc(c3c(c(c(nc3[H])[H])[H])[H])o2)c(o1)[H])([H])[H])([H])([H])[H],6,Z2087351255,False
-0.4910406813903298,C(C(C(n1c(c(nc1C(N(c1c(c(c(nc1[H])[H])[H])[H])[H])([H])[H])[H])[H])([H])[H])([H])[H])([H])([H])[H],6,Z3230491682,False
-0.2088090767061376,[H]OP(=O)(O[H])C(F)(F)C#Cc1c([H])nc([H])c([H])c1[H],6,,False
-0.6485021862498835,[H]C1=C([H])C(=O)N(N2C([H])([H])C([H])([H])N(c3c([H])nc([H])c([H])c3[H])C([H])([H])C([H])([H])C2([H])[H])C1=O,6,,False
-6.043170021521712e-06,[H]OC(=O)C([H])([H])Oc1nnc(-c2c([H])nc([H])c([H])c2[H])o1,6,,False
-0.5925883386746819,C(c1nn(c2nc(N(C(C(C([N+](C([H])([H])[H])(C([H])([H])[H])[H])([H])[H])([H])[H])(c3c(c(c(nc3[H])[H])[H])[H])[H])[H])c(nc2[H])[H])c(C([H])([H])[H])c1[H])([H])([H])[H],6,Z2975160702,False
-0.9685320656679949,C(C(C([N+](C1(C(C(c2c(C1([H])[H])n(nc2[H])[H])([H])[H])([H])[H])[H])([H])[H])(c1c(c(c(nc1[H])[H])[H])[H])[H])([H])[H])([H])([H])[H],6,Z4314107021,False
-0.8193606811434547,[H]c1nc([H])c([C@]2([H])N(c3c([H])nn([H])c3[H])C(=O)C2([H])[H])c([H])c1[H],6,,False
-0.5087448665292074,[H]C([H])=C(c1c([H])nc([H])c([H])c1[H])c1c([H])c([H])c([H])c([H])c1Cl,6,,False
-0.1812352050086978,[H]c1nc(C(=O)N2C([H])([H])C([H])(c3c([H])nc([H])c([H])c3[H])C2([H])[H])c(C(F)(F)F)c([H])c1[H],6,,False
-0.5673821252638986,[H]C([H])=C(c1c([H])nc([H])c([H])c1[H])c1c([H])c([H])c(C#N)c([H])c1[H],6,,False
-0.4749717233558978,C(c1nn2c(c(N(C(c3c(c(c(nc3[H])[H])[H])[H])([H])[H])[H])c(nc2c1[H])[H])[H])([H])([H])[H],6,PV-002423803909,False
-0.233695718247651,[H]c1nc([H])c([C@]2([H])C([H])([H])N([H])C(=O)[C@@]2([H])c2c([H])c([H])c(C([H])([H])[H])c(C([H])([H])[H])c2[H])c([H])c1[H],6,,False
-0.584107831571893,S=C(N(C(C(c1c(n(c2c(c(Cl)c(c(c12)[H])[H])[H])[H])[H])([H])[H])([H])[H])[H])N(c1c(c(c(nc1[H])[H])[H])[H])[H],6,PV-006854210725,False
-0.546033590783691,[H]c1nc([H])c(N([H])N2C([H])([H])C([H])([H])C([H])([H])C([H])([H])C2([H])[H])c([H])c1[H],6,,False
-1.2324039219953251,C(C(C([H])([H])[H])(C(N(C(=O)C(N1C(C(c2c(c(c(c(c2C1=O)[H])[H])[H])[H])([H])[H])([H])[H])([H])[H])[H])(c1c(c(c(nc1[H])[H])[H])[H])[H])[H])([H])([H])[H],6,Z5535310702,False
